run_name,model,model_family,train_ratio,seed,condition,hyperparameter_name,hyperparameter_value,learning_rate,selected_epoch,training_epochs_completed,selection_metric,tie_break_metrics,selection_key
codebert_balanced_ratio_preserved_noise_mcc_selected_true_pr_auc_v1,codebert_class_weight_balanced,codebert,60/40,1,clean,learning_rate,2.0000000000000002e-05,2.0000000000000002e-05,3,5,mcc,f1/recall/precision/balanced_accuracy,"[0.7386569872958257, 0.8421052631578947, 0.8421052631578947, 0.8421052631578947, 0.8693284936479129]"
codebert_balanced_ratio_preserved_noise_mcc_selected_true_pr_auc_v1,codebert_class_weight_balanced,codebert,60/40,1,heuristic_fp_10,learning_rate,2.0000000000000002e-05,2.0000000000000002e-05,2,5,mcc,f1/recall/precision/balanced_accuracy,"[0.7460513594939656, 0.85, 0.8947368421052632, 0.8095238095238095, 0.8784029038112522]"
codebert_balanced_ratio_preserved_noise_mcc_selected_true_pr_auc_v1,codebert_class_weight_balanced,codebert,60/40,1,heuristic_fp_20,learning_rate,2.0000000000000002e-05,2.0000000000000002e-05,2,5,mcc,f1/recall/precision/balanced_accuracy,"[0.794439894184773, 0.8780487804878049, 0.9473684210526315, 0.8181818181818182, 0.9047186932849365]"
codebert_balanced_ratio_preserved_noise_mcc_selected_true_pr_auc_v1,codebert_class_weight_balanced,codebert,60/40,1,random_flip_10,learning_rate,2.0000000000000002e-05,2.0000000000000002e-05,1,5,mcc,f1/recall/precision/balanced_accuracy,"[0.6590644862070987, 0.8, 0.9473684210526315, 0.6923076923076923, 0.8357531760435571]"
codebert_balanced_ratio_preserved_noise_mcc_selected_true_pr_auc_v1,codebert_class_weight_balanced,codebert,60/40,1,random_flip_20,learning_rate,2.0000000000000002e-05,2.0000000000000002e-05,1,5,mcc,f1/recall/precision/balanced_accuracy,"[0.7445647438772088, 0.8444444444444444, 1.0, 0.7307692307692307, 0.8793103448275862]"
codebert_balanced_ratio_preserved_noise_mcc_selected_true_pr_auc_v1,codebert_class_weight_balanced,codebert,60/40,1,random_fp_10,learning_rate,2.0000000000000002e-05,2.0000000000000002e-05,1,5,mcc,f1/recall/precision/balanced_accuracy,"[0.7763753091705423, 0.8636363636363636, 1.0, 0.76, 0.896551724137931]"
codebert_balanced_ratio_preserved_noise_mcc_selected_true_pr_auc_v1,codebert_class_weight_balanced,codebert,60/40,1,random_fp_20,learning_rate,2.0000000000000002e-05,2.0000000000000002e-05,4,5,mcc,f1/recall/precision/balanced_accuracy,"[0.7367317724443136, 0.8333333333333334, 0.7894736842105263, 0.8823529411764706, 0.8602540834845736]"
codebert_balanced_ratio_preserved_noise_mcc_selected_true_pr_auc_v1,codebert_class_weight_balanced,codebert,60/40,2,clean,learning_rate,2.0000000000000002e-05,2.0000000000000002e-05,4,5,mcc,f1/recall/precision/balanced_accuracy,"[0.7410244984985453, 0.8235294117647058, 0.7368421052631579, 0.9333333333333333, 0.8511796733212341]"
codebert_balanced_ratio_preserved_noise_mcc_selected_true_pr_auc_v1,codebert_class_weight_balanced,codebert,60/40,2,heuristic_fp_10,learning_rate,2.0000000000000002e-05,2.0000000000000002e-05,3,5,mcc,f1/recall/precision/balanced_accuracy,"[0.7386569872958257, 0.8421052631578947, 0.8421052631578947, 0.8421052631578947, 0.8693284936479129]"
codebert_balanced_ratio_preserved_noise_mcc_selected_true_pr_auc_v1,codebert_class_weight_balanced,codebert,60/40,2,heuristic_fp_20,learning_rate,2.0000000000000002e-05,2.0000000000000002e-05,2,5,mcc,f1/recall/precision/balanced_accuracy,"[0.6120812897932852, 0.7692307692307693, 0.7894736842105263, 0.75, 0.8085299455535391]"
codebert_balanced_ratio_preserved_noise_mcc_selected_true_pr_auc_v1,codebert_class_weight_balanced,codebert,60/40,2,random_flip_10,learning_rate,2.0000000000000002e-05,2.0000000000000002e-05,4,5,mcc,f1/recall/precision/balanced_accuracy,"[0.5572044678632473, 0.7058823529411765, 0.631578947368421, 0.8, 0.764065335753176]"
codebert_balanced_ratio_preserved_noise_mcc_selected_true_pr_auc_v1,codebert_class_weight_balanced,codebert,60/40,2,random_flip_20,learning_rate,2.0000000000000002e-05,2.0000000000000002e-05,4,5,mcc,f1/recall/precision/balanced_accuracy,"[0.6491144831808963, 0.7647058823529411, 0.6842105263157895, 0.8666666666666667, 0.8076225045372051]"
codebert_balanced_ratio_preserved_noise_mcc_selected_true_pr_auc_v1,codebert_class_weight_balanced,codebert,60/40,2,random_fp_10,learning_rate,2.0000000000000002e-05,2.0000000000000002e-05,1,5,mcc,f1/recall/precision/balanced_accuracy,"[0.6840908532983777, 0.8085106382978723, 1.0, 0.6785714285714286, 0.8448275862068966]"
codebert_balanced_ratio_preserved_noise_mcc_selected_true_pr_auc_v1,codebert_class_weight_balanced,codebert,60/40,2,random_fp_20,learning_rate,2.0000000000000002e-05,2.0000000000000002e-05,5,5,mcc,f1/recall/precision/balanced_accuracy,"[0.6024752331287779, 0.7428571428571429, 0.6842105263157895, 0.8125, 0.7903811252268602]"
codebert_balanced_ratio_preserved_noise_mcc_selected_true_pr_auc_v1,codebert_class_weight_balanced,codebert,60/40,3,clean,learning_rate,2.0000000000000002e-05,2.0000000000000002e-05,4,5,mcc,f1/recall/precision/balanced_accuracy,"[0.6990427741370375, 0.7878787878787878, 0.6842105263157895, 0.9285714285714286, 0.8248638838475499]"
codebert_balanced_ratio_preserved_noise_mcc_selected_true_pr_auc_v1,codebert_class_weight_balanced,codebert,60/40,3,heuristic_fp_10,learning_rate,2.0000000000000002e-05,2.0000000000000002e-05,3,5,mcc,f1/recall/precision/balanced_accuracy,"[0.7460513594939656, 0.85, 0.8947368421052632, 0.8095238095238095, 0.8784029038112522]"
codebert_balanced_ratio_preserved_noise_mcc_selected_true_pr_auc_v1,codebert_class_weight_balanced,codebert,60/40,3,heuristic_fp_20,learning_rate,2.0000000000000002e-05,2.0000000000000002e-05,1,5,mcc,f1/recall/precision/balanced_accuracy,"[0.5880554401268867, 0.7619047619047619, 0.8421052631578947, 0.6956521739130435, 0.8003629764065335]"
codebert_balanced_ratio_preserved_noise_mcc_selected_true_pr_auc_v1,codebert_class_weight_balanced,codebert,60/40,3,random_flip_10,learning_rate,2.0000000000000002e-05,2.0000000000000002e-05,1,5,mcc,f1/recall/precision/balanced_accuracy,"[0.7763753091705423, 0.8636363636363636, 1.0, 0.76, 0.896551724137931]"
codebert_balanced_ratio_preserved_noise_mcc_selected_true_pr_auc_v1,codebert_class_weight_balanced,codebert,60/40,3,random_flip_20,learning_rate,2.0000000000000002e-05,2.0000000000000002e-05,3,5,mcc,f1/recall/precision/balanced_accuracy,"[0.7460513594939656, 0.85, 0.8947368421052632, 0.8095238095238095, 0.8784029038112522]"
codebert_balanced_ratio_preserved_noise_mcc_selected_true_pr_auc_v1,codebert_class_weight_balanced,codebert,60/40,3,random_fp_10,learning_rate,2.0000000000000002e-05,2.0000000000000002e-05,3,5,mcc,f1/recall/precision/balanced_accuracy,"[0.7386569872958257, 0.8421052631578947, 0.8421052631578947, 0.8421052631578947, 0.8693284936479129]"
codebert_balanced_ratio_preserved_noise_mcc_selected_true_pr_auc_v1,codebert_class_weight_balanced,codebert,60/40,3,random_fp_20,learning_rate,2.0000000000000002e-05,2.0000000000000002e-05,1,5,mcc,f1/recall/precision/balanced_accuracy,"[0.708939636514663, 0.8292682926829268, 0.8947368421052632, 0.7727272727272727, 0.8611615245009074]"
codebert_balanced_ratio_preserved_noise_mcc_selected_true_pr_auc_v1,codebert_class_weight_balanced,codebert,60/40,4,clean,learning_rate,2.0000000000000002e-05,2.0000000000000002e-05,1,5,mcc,f1/recall/precision/balanced_accuracy,"[0.5723514714723391, 0.7450980392156863, 1.0, 0.59375, 0.7758620689655172]"
codebert_balanced_ratio_preserved_noise_mcc_selected_true_pr_auc_v1,codebert_class_weight_balanced,codebert,60/40,4,heuristic_fp_10,learning_rate,2.0000000000000002e-05,2.0000000000000002e-05,1,5,mcc,f1/recall/precision/balanced_accuracy,"[0.6279712882071509, 0.782608695652174, 0.9473684210526315, 0.6666666666666666, 0.8185117967332123]"
codebert_balanced_ratio_preserved_noise_mcc_selected_true_pr_auc_v1,codebert_class_weight_balanced,codebert,60/40,4,heuristic_fp_20,learning_rate,2.0000000000000002e-05,2.0000000000000002e-05,2,5,mcc,f1/recall/precision/balanced_accuracy,"[0.5389824833539318, 0.7346938775510204, 0.9473684210526315, 0.6, 0.7667876588021778]"
codebert_balanced_ratio_preserved_noise_mcc_selected_true_pr_auc_v1,codebert_class_weight_balanced,codebert,60/40,4,random_flip_10,learning_rate,2.0000000000000002e-05,2.0000000000000002e-05,1,5,mcc,f1/recall/precision/balanced_accuracy,"[0.5723514714723391, 0.7450980392156863, 1.0, 0.59375, 0.7758620689655172]"
codebert_balanced_ratio_preserved_noise_mcc_selected_true_pr_auc_v1,codebert_class_weight_balanced,codebert,60/40,4,random_flip_20,learning_rate,2.0000000000000002e-05,2.0000000000000002e-05,1,5,mcc,f1/recall/precision/balanced_accuracy,"[0.5723514714723391, 0.7450980392156863, 1.0, 0.59375, 0.7758620689655172]"
codebert_balanced_ratio_preserved_noise_mcc_selected_true_pr_auc_v1,codebert_class_weight_balanced,codebert,60/40,4,random_fp_10,learning_rate,2.0000000000000002e-05,2.0000000000000002e-05,2,5,mcc,f1/recall/precision/balanced_accuracy,"[0.5735642285369886, 0.7555555555555555, 0.8947368421052632, 0.6538461538461539, 0.7921960072595282]"
codebert_balanced_ratio_preserved_noise_mcc_selected_true_pr_auc_v1,codebert_class_weight_balanced,codebert,60/40,4,random_fp_20,learning_rate,2.0000000000000002e-05,2.0000000000000002e-05,2,5,mcc,f1/recall/precision/balanced_accuracy,"[0.5680580762250453, 0.75, 0.9473684210526315, 0.6206896551724138, 0.7840290381125227]"
codebert_balanced_ratio_preserved_noise_mcc_selected_true_pr_auc_v1,codebert_class_weight_balanced,codebert,60/40,5,clean,learning_rate,2.0000000000000002e-05,2.0000000000000002e-05,1,5,mcc,f1/recall/precision/balanced_accuracy,"[0.4562184572445113, 0.6956521739130435, 0.8421052631578947, 0.5925925925925926, 0.7313974591651542]"
codebert_balanced_ratio_preserved_noise_mcc_selected_true_pr_auc_v1,codebert_class_weight_balanced,codebert,60/40,5,heuristic_fp_10,learning_rate,2.0000000000000002e-05,2.0000000000000002e-05,1,5,mcc,f1/recall/precision/balanced_accuracy,"[0.5680580762250453, 0.75, 0.9473684210526315, 0.6206896551724138, 0.7840290381125227]"
codebert_balanced_ratio_preserved_noise_mcc_selected_true_pr_auc_v1,codebert_class_weight_balanced,codebert,60/40,5,heuristic_fp_20,learning_rate,2.0000000000000002e-05,2.0000000000000002e-05,5,5,mcc,f1/recall/precision/balanced_accuracy,"[0.5538186196949965, 0.7441860465116279, 0.8421052631578947, 0.6666666666666666, 0.7831215970961887]"
codebert_balanced_ratio_preserved_noise_mcc_selected_true_pr_auc_v1,codebert_class_weight_balanced,codebert,60/40,5,random_flip_10,learning_rate,2.0000000000000002e-05,2.0000000000000002e-05,4,5,mcc,f1/recall/precision/balanced_accuracy,"[0.5880554401268867, 0.7619047619047619, 0.8421052631578947, 0.6956521739130435, 0.8003629764065335]"
codebert_balanced_ratio_preserved_noise_mcc_selected_true_pr_auc_v1,codebert_class_weight_balanced,codebert,60/40,5,random_flip_20,learning_rate,2.0000000000000002e-05,2.0000000000000002e-05,2,5,mcc,f1/recall/precision/balanced_accuracy,"[0.5194004969845027, 0.7169811320754716, 1.0, 0.5588235294117647, 0.7413793103448276]"
codebert_balanced_ratio_preserved_noise_mcc_selected_true_pr_auc_v1,codebert_class_weight_balanced,codebert,60/40,5,random_fp_10,learning_rate,2.0000000000000002e-05,2.0000000000000002e-05,2,5,mcc,f1/recall/precision/balanced_accuracy,"[0.5880554401268867, 0.7619047619047619, 0.8421052631578947, 0.6956521739130435, 0.8003629764065335]"
codebert_balanced_ratio_preserved_noise_mcc_selected_true_pr_auc_v1,codebert_class_weight_balanced,codebert,60/40,5,random_fp_20,learning_rate,2.0000000000000002e-05,2.0000000000000002e-05,4,5,mcc,f1/recall/precision/balanced_accuracy,"[0.6234393788445528, 0.7804878048780488, 0.8421052631578947, 0.7272727272727273, 0.8176043557168784]"
codebert_balanced_ratio_preserved_noise_mcc_selected_true_pr_auc_v1,codebert_class_weight_balanced,codebert,70/30,1,clean,learning_rate,2.0000000000000002e-05,2.0000000000000002e-05,1,5,mcc,f1/recall/precision/balanced_accuracy,"[0.601294150869976, 0.7272727272727273, 0.8421052631578947, 0.64, 0.8210526315789474]"
codebert_balanced_ratio_preserved_noise_mcc_selected_true_pr_auc_v1,codebert_class_weight_balanced,codebert,70/30,1,heuristic_fp_10,learning_rate,2.0000000000000002e-05,2.0000000000000002e-05,3,5,mcc,f1/recall/precision/balanced_accuracy,"[0.5661637160605213, 0.6666666666666666, 0.5789473684210527, 0.7857142857142857, 0.756140350877193]"
codebert_balanced_ratio_preserved_noise_mcc_selected_true_pr_auc_v1,codebert_class_weight_balanced,codebert,70/30,1,heuristic_fp_20,learning_rate,2.0000000000000002e-05,2.0000000000000002e-05,2,5,mcc,f1/recall/precision/balanced_accuracy,"[0.6097899234909668, 0.7317073170731707, 0.7894736842105263, 0.6818181818181818, 0.8169590643274853]"
codebert_balanced_ratio_preserved_noise_mcc_selected_true_pr_auc_v1,codebert_class_weight_balanced,codebert,70/30,1,random_flip_10,learning_rate,2.0000000000000002e-05,2.0000000000000002e-05,3,5,mcc,f1/recall/precision/balanced_accuracy,"[0.6097899234909668, 0.7317073170731707, 0.7894736842105263, 0.6818181818181818, 0.8169590643274853]"
codebert_balanced_ratio_preserved_noise_mcc_selected_true_pr_auc_v1,codebert_class_weight_balanced,codebert,70/30,1,random_flip_20,learning_rate,2.0000000000000002e-05,2.0000000000000002e-05,2,5,mcc,f1/recall/precision/balanced_accuracy,"[0.5219786367558533, 0.625, 0.5263157894736842, 0.7692307692307693, 0.7298245614035088]"
codebert_balanced_ratio_preserved_noise_mcc_selected_true_pr_auc_v1,codebert_class_weight_balanced,codebert,70/30,1,random_fp_10,learning_rate,2.0000000000000002e-05,2.0000000000000002e-05,1,5,mcc,f1/recall/precision/balanced_accuracy,"[0.626945315677454, 0.7441860465116279, 0.8421052631578947, 0.6666666666666666, 0.8321637426900584]"
codebert_balanced_ratio_preserved_noise_mcc_selected_true_pr_auc_v1,codebert_class_weight_balanced,codebert,70/30,1,random_fp_20,learning_rate,2.0000000000000002e-05,2.0000000000000002e-05,2,5,mcc,f1/recall/precision/balanced_accuracy,"[0.6221599387795478, 0.7391304347826086, 0.8947368421052632, 0.6296296296296297, 0.8362573099415205]"
codebert_balanced_ratio_preserved_noise_mcc_selected_true_pr_auc_v1,codebert_class_weight_balanced,codebert,70/30,2,clean,learning_rate,2.0000000000000002e-05,2.0000000000000002e-05,4,5,mcc,f1/recall/precision/balanced_accuracy,"[0.6257309941520468, 0.7368421052631579, 0.7368421052631579, 0.7368421052631579, 0.8128654970760234]"
codebert_balanced_ratio_preserved_noise_mcc_selected_true_pr_auc_v1,codebert_class_weight_balanced,codebert,70/30,2,heuristic_fp_10,learning_rate,2.0000000000000002e-05,2.0000000000000002e-05,5,5,mcc,f1/recall/precision/balanced_accuracy,"[0.6257309941520468, 0.7368421052631579, 0.7368421052631579, 0.7368421052631579, 0.8128654970760234]"
codebert_balanced_ratio_preserved_noise_mcc_selected_true_pr_auc_v1,codebert_class_weight_balanced,codebert,70/30,2,heuristic_fp_20,learning_rate,2.0000000000000002e-05,2.0000000000000002e-05,3,5,mcc,f1/recall/precision/balanced_accuracy,"[0.6584329239213033, 0.7567567567567568, 0.7368421052631579, 0.7777777777777778, 0.8239766081871345]"
codebert_balanced_ratio_preserved_noise_mcc_selected_true_pr_auc_v1,codebert_class_weight_balanced,codebert,70/30,2,random_flip_10,learning_rate,2.0000000000000002e-05,2.0000000000000002e-05,3,5,mcc,f1/recall/precision/balanced_accuracy,"[0.5726039151671226, 0.6857142857142857, 0.631578947368421, 0.75, 0.7713450292397661]"
codebert_balanced_ratio_preserved_noise_mcc_selected_true_pr_auc_v1,codebert_class_weight_balanced,codebert,70/30,2,random_flip_20,learning_rate,2.0000000000000002e-05,2.0000000000000002e-05,4,5,mcc,f1/recall/precision/balanced_accuracy,"[0.601294150869976, 0.7272727272727273, 0.8421052631578947, 0.64, 0.8210526315789474]"
codebert_balanced_ratio_preserved_noise_mcc_selected_true_pr_auc_v1,codebert_class_weight_balanced,codebert,70/30,2,random_fp_10,learning_rate,2.0000000000000002e-05,2.0000000000000002e-05,3,5,mcc,f1/recall/precision/balanced_accuracy,"[0.7005847953216374, 0.7894736842105263, 0.7894736842105263, 0.7894736842105263, 0.8502923976608188]"
codebert_balanced_ratio_preserved_noise_mcc_selected_true_pr_auc_v1,codebert_class_weight_balanced,codebert,70/30,2,random_fp_20,learning_rate,2.0000000000000002e-05,2.0000000000000002e-05,2,5,mcc,f1/recall/precision/balanced_accuracy,"[0.6451465713034149, 0.75, 0.9473684210526315, 0.6206896551724138, 0.8514619883040935]"
codebert_balanced_ratio_preserved_noise_mcc_selected_true_pr_auc_v1,codebert_class_weight_balanced,codebert,70/30,3,clean,learning_rate,2.0000000000000002e-05,2.0000000000000002e-05,1,5,mcc,f1/recall/precision/balanced_accuracy,"[0.6092848842499202, 0.7058823529411765, 0.631578947368421, 0.8, 0.7824561403508772]"
codebert_balanced_ratio_preserved_noise_mcc_selected_true_pr_auc_v1,codebert_class_weight_balanced,codebert,70/30,3,heuristic_fp_10,learning_rate,2.0000000000000002e-05,2.0000000000000002e-05,3,5,mcc,f1/recall/precision/balanced_accuracy,"[0.4927889533161992, 0.65, 0.6842105263157895, 0.6190476190476191, 0.7532163742690059]"
codebert_balanced_ratio_preserved_noise_mcc_selected_true_pr_auc_v1,codebert_class_weight_balanced,codebert,70/30,3,heuristic_fp_20,learning_rate,2.0000000000000002e-05,2.0000000000000002e-05,1,5,mcc,f1/recall/precision/balanced_accuracy,"[0.4927889533161992, 0.65, 0.6842105263157895, 0.6190476190476191, 0.7532163742690059]"
codebert_balanced_ratio_preserved_noise_mcc_selected_true_pr_auc_v1,codebert_class_weight_balanced,codebert,70/30,3,random_flip_10,learning_rate,2.0000000000000002e-05,2.0000000000000002e-05,3,5,mcc,f1/recall/precision/balanced_accuracy,"[0.6104638276594145, 0.6666666666666666, 0.5263157894736842, 0.9090909090909091, 0.752046783625731]"
codebert_balanced_ratio_preserved_noise_mcc_selected_true_pr_auc_v1,codebert_class_weight_balanced,codebert,70/30,3,random_flip_20,learning_rate,2.0000000000000002e-05,2.0000000000000002e-05,1,5,mcc,f1/recall/precision/balanced_accuracy,"[0.6297880569151789, 0.7307692307692307, 1.0, 0.5757575757575758, 0.8444444444444444]"
codebert_balanced_ratio_preserved_noise_mcc_selected_true_pr_auc_v1,codebert_class_weight_balanced,codebert,70/30,3,random_fp_10,learning_rate,2.0000000000000002e-05,2.0000000000000002e-05,1,5,mcc,f1/recall/precision/balanced_accuracy,"[0.6537311772695439, 0.7619047619047619, 0.8421052631578947, 0.6956521739130435, 0.8432748538011696]"
codebert_balanced_ratio_preserved_noise_mcc_selected_true_pr_auc_v1,codebert_class_weight_balanced,codebert,70/30,3,random_fp_20,learning_rate,2.0000000000000002e-05,2.0000000000000002e-05,2,5,mcc,f1/recall/precision/balanced_accuracy,"[0.6097899234909668, 0.7317073170731707, 0.7894736842105263, 0.6818181818181818, 0.8169590643274853]"
codebert_balanced_ratio_preserved_noise_mcc_selected_true_pr_auc_v1,codebert_class_weight_balanced,codebert,70/30,4,clean,learning_rate,2.0000000000000002e-05,2.0000000000000002e-05,5,5,mcc,f1/recall/precision/balanced_accuracy,"[0.460965612416278, 0.6111111111111112, 0.5789473684210527, 0.6470588235294118, 0.7228070175438597]"
codebert_balanced_ratio_preserved_noise_mcc_selected_true_pr_auc_v1,codebert_class_weight_balanced,codebert,70/30,4,heuristic_fp_10,learning_rate,2.0000000000000002e-05,2.0000000000000002e-05,3,5,mcc,f1/recall/precision/balanced_accuracy,"[0.4861527084271149, 0.6530612244897959, 0.8421052631578947, 0.5333333333333333, 0.7654970760233918]"
codebert_balanced_ratio_preserved_noise_mcc_selected_true_pr_auc_v1,codebert_class_weight_balanced,codebert,70/30,4,heuristic_fp_20,learning_rate,2.0000000000000002e-05,2.0000000000000002e-05,2,5,mcc,f1/recall/precision/balanced_accuracy,"[0.5070191782330802, 0.6666666666666666, 0.7894736842105263, 0.5769230769230769, 0.7725146198830409]"
codebert_balanced_ratio_preserved_noise_mcc_selected_true_pr_auc_v1,codebert_class_weight_balanced,codebert,70/30,4,random_flip_10,learning_rate,2.0000000000000002e-05,2.0000000000000002e-05,5,5,mcc,f1/recall/precision/balanced_accuracy,"[0.5726039151671226, 0.6857142857142857, 0.631578947368421, 0.75, 0.7713450292397661]"
codebert_balanced_ratio_preserved_noise_mcc_selected_true_pr_auc_v1,codebert_class_weight_balanced,codebert,70/30,4,random_flip_20,learning_rate,2.0000000000000002e-05,2.0000000000000002e-05,5,5,mcc,f1/recall/precision/balanced_accuracy,"[0.5210915627791095, 0.6666666666666666, 0.6842105263157895, 0.65, 0.764327485380117]"
codebert_balanced_ratio_preserved_noise_mcc_selected_true_pr_auc_v1,codebert_class_weight_balanced,codebert,70/30,4,random_fp_10,learning_rate,2.0000000000000002e-05,2.0000000000000002e-05,3,5,mcc,f1/recall/precision/balanced_accuracy,"[0.6257309941520468, 0.7368421052631579, 0.7368421052631579, 0.7368421052631579, 0.8128654970760234]"
codebert_balanced_ratio_preserved_noise_mcc_selected_true_pr_auc_v1,codebert_class_weight_balanced,codebert,70/30,4,random_fp_20,learning_rate,2.0000000000000002e-05,2.0000000000000002e-05,4,5,mcc,f1/recall/precision/balanced_accuracy,"[0.5377852092780113, 0.6829268292682927, 0.7368421052631579, 0.6363636363636364, 0.77953216374269]"
codebert_balanced_ratio_preserved_noise_mcc_selected_true_pr_auc_v1,codebert_class_weight_balanced,codebert,70/30,5,clean,learning_rate,2.0000000000000002e-05,2.0000000000000002e-05,1,5,mcc,f1/recall/precision/balanced_accuracy,"[0.6451465713034149, 0.75, 0.9473684210526315, 0.6206896551724138, 0.8514619883040935]"
codebert_balanced_ratio_preserved_noise_mcc_selected_true_pr_auc_v1,codebert_class_weight_balanced,codebert,70/30,5,heuristic_fp_10,learning_rate,2.0000000000000002e-05,2.0000000000000002e-05,2,5,mcc,f1/recall/precision/balanced_accuracy,"[0.5824555463577027, 0.7142857142857143, 0.7894736842105263, 0.6521739130434783, 0.8058479532163743]"
codebert_balanced_ratio_preserved_noise_mcc_selected_true_pr_auc_v1,codebert_class_weight_balanced,codebert,70/30,5,heuristic_fp_20,learning_rate,2.0000000000000002e-05,2.0000000000000002e-05,4,5,mcc,f1/recall/precision/balanced_accuracy,"[0.5311979292749333, 0.6818181818181818, 0.7894736842105263, 0.6, 0.7836257309941521]"
codebert_balanced_ratio_preserved_noise_mcc_selected_true_pr_auc_v1,codebert_class_weight_balanced,codebert,70/30,5,random_flip_10,learning_rate,2.0000000000000002e-05,2.0000000000000002e-05,3,5,mcc,f1/recall/precision/balanced_accuracy,"[0.552910832550172, 0.6956521739130435, 0.8421052631578947, 0.5925925925925926, 0.7988304093567251]"
codebert_balanced_ratio_preserved_noise_mcc_selected_true_pr_auc_v1,codebert_class_weight_balanced,codebert,70/30,5,random_flip_20,learning_rate,2.0000000000000002e-05,2.0000000000000002e-05,3,5,mcc,f1/recall/precision/balanced_accuracy,"[0.5948744389248242, 0.717948717948718, 0.7368421052631579, 0.7, 0.8017543859649123]"
codebert_balanced_ratio_preserved_noise_mcc_selected_true_pr_auc_v1,codebert_class_weight_balanced,codebert,70/30,5,random_fp_10,learning_rate,2.0000000000000002e-05,2.0000000000000002e-05,4,5,mcc,f1/recall/precision/balanced_accuracy,"[0.6092848842499202, 0.7058823529411765, 0.631578947368421, 0.8, 0.7824561403508772]"
codebert_balanced_ratio_preserved_noise_mcc_selected_true_pr_auc_v1,codebert_class_weight_balanced,codebert,70/30,5,random_fp_20,learning_rate,2.0000000000000002e-05,2.0000000000000002e-05,3,5,mcc,f1/recall/precision/balanced_accuracy,"[0.775438596491228, 0.8421052631578947, 0.8421052631578947, 0.8421052631578947, 0.887719298245614]"
codebert_balanced_ratio_preserved_noise_mcc_selected_true_pr_auc_v1,codebert_class_weight_balanced,codebert,75/25,1,clean,learning_rate,2.0000000000000002e-05,2.0000000000000002e-05,1,5,mcc,f1/recall/precision/balanced_accuracy,"[0.5539117094069973, 0.6666666666666666, 0.8947368421052632, 0.53125, 0.8157894736842105]"
codebert_balanced_ratio_preserved_noise_mcc_selected_true_pr_auc_v1,codebert_class_weight_balanced,codebert,75/25,1,heuristic_fp_10,learning_rate,2.0000000000000002e-05,2.0000000000000002e-05,2,5,mcc,f1/recall/precision/balanced_accuracy,"[0.5883484054145521, 0.6976744186046512, 0.7894736842105263, 0.625, 0.8157894736842105]"
codebert_balanced_ratio_preserved_noise_mcc_selected_true_pr_auc_v1,codebert_class_weight_balanced,codebert,75/25,1,heuristic_fp_20,learning_rate,2.0000000000000002e-05,2.0000000000000002e-05,2,5,mcc,f1/recall/precision/balanced_accuracy,"[0.5364339048503199, 0.6538461538461539, 0.8947368421052632, 0.5151515151515151, 0.8070175438596492]"
codebert_balanced_ratio_preserved_noise_mcc_selected_true_pr_auc_v1,codebert_class_weight_balanced,codebert,75/25,1,random_flip_10,learning_rate,2.0000000000000002e-05,2.0000000000000002e-05,4,5,mcc,f1/recall/precision/balanced_accuracy,"[0.5447047794019222, 0.625, 0.5263157894736842, 0.7692307692307693, 0.7368421052631579]"
codebert_balanced_ratio_preserved_noise_mcc_selected_true_pr_auc_v1,codebert_class_weight_balanced,codebert,75/25,1,random_flip_20,learning_rate,2.0000000000000002e-05,2.0000000000000002e-05,3,5,mcc,f1/recall/precision/balanced_accuracy,"[0.6098963745377144, 0.7083333333333334, 0.8947368421052632, 0.5862068965517241, 0.8421052631578947]"
codebert_balanced_ratio_preserved_noise_mcc_selected_true_pr_auc_v1,codebert_class_weight_balanced,codebert,75/25,1,random_fp_10,learning_rate,2.0000000000000002e-05,2.0000000000000002e-05,3,5,mcc,f1/recall/precision/balanced_accuracy,"[0.6098963745377144, 0.7083333333333334, 0.8947368421052632, 0.5862068965517241, 0.8421052631578947]"
codebert_balanced_ratio_preserved_noise_mcc_selected_true_pr_auc_v1,codebert_class_weight_balanced,codebert,75/25,1,random_fp_20,learning_rate,2.0000000000000002e-05,2.0000000000000002e-05,1,5,mcc,f1/recall/precision/balanced_accuracy,"[0.5444357229372963, 0.6666666666666666, 0.7894736842105263, 0.5769230769230769, 0.7982456140350878]"
codebert_balanced_ratio_preserved_noise_mcc_selected_true_pr_auc_v1,codebert_class_weight_balanced,codebert,75/25,2,clean,learning_rate,2.0000000000000002e-05,2.0000000000000002e-05,4,5,mcc,f1/recall/precision/balanced_accuracy,"[0.5095101710852533, 0.6060606060606061, 0.5263157894736842, 0.7142857142857143, 0.7280701754385965]"
codebert_balanced_ratio_preserved_noise_mcc_selected_true_pr_auc_v1,codebert_class_weight_balanced,codebert,75/25,2,heuristic_fp_10,learning_rate,2.0000000000000002e-05,2.0000000000000002e-05,2,5,mcc,f1/recall/precision/balanced_accuracy,"[0.7109736629101983, 0.7777777777777778, 0.7368421052631579, 0.8235294117647058, 0.8421052631578947]"
codebert_balanced_ratio_preserved_noise_mcc_selected_true_pr_auc_v1,codebert_class_weight_balanced,codebert,75/25,2,heuristic_fp_20,learning_rate,2.0000000000000002e-05,2.0000000000000002e-05,4,5,mcc,f1/recall/precision/balanced_accuracy,"[0.6365239496641676, 0.7317073170731707, 0.7894736842105263, 0.6818181818181818, 0.8333333333333333]"
codebert_balanced_ratio_preserved_noise_mcc_selected_true_pr_auc_v1,codebert_class_weight_balanced,codebert,75/25,2,random_flip_10,learning_rate,2.0000000000000002e-05,2.0000000000000002e-05,4,5,mcc,f1/recall/precision/balanced_accuracy,"[0.5878963512522154, 0.6666666666666666, 0.5789473684210527, 0.7857142857142857, 0.763157894736842]"
codebert_balanced_ratio_preserved_noise_mcc_selected_true_pr_auc_v1,codebert_class_weight_balanced,codebert,75/25,2,random_flip_20,learning_rate,2.0000000000000002e-05,2.0000000000000002e-05,1,5,mcc,f1/recall/precision/balanced_accuracy,"[0.5927489783638191, 0.6785714285714286, 1.0, 0.5135135135135135, 0.8421052631578947]"
codebert_balanced_ratio_preserved_noise_mcc_selected_true_pr_auc_v1,codebert_class_weight_balanced,codebert,75/25,2,random_fp_10,learning_rate,2.0000000000000002e-05,2.0000000000000002e-05,4,5,mcc,f1/recall/precision/balanced_accuracy,"[0.5962847939999439, 0.6857142857142857, 0.631578947368421, 0.75, 0.7807017543859649]"
codebert_balanced_ratio_preserved_noise_mcc_selected_true_pr_auc_v1,codebert_class_weight_balanced,codebert,75/25,2,random_fp_20,learning_rate,2.0000000000000002e-05,2.0000000000000002e-05,1,5,mcc,f1/recall/precision/balanced_accuracy,"[0.6118419408382955, 0.7142857142857143, 0.7894736842105263, 0.6521739130434783, 0.8245614035087719]"
codebert_balanced_ratio_preserved_noise_mcc_selected_true_pr_auc_v1,codebert_class_weight_balanced,codebert,75/25,3,clean,learning_rate,2.0000000000000002e-05,2.0000000000000002e-05,1,5,mcc,f1/recall/precision/balanced_accuracy,"[0.5695214286468868, 0.6829268292682927, 0.7368421052631579, 0.6363636363636364, 0.7982456140350878]"
codebert_balanced_ratio_preserved_noise_mcc_selected_true_pr_auc_v1,codebert_class_weight_balanced,codebert,75/25,3,heuristic_fp_10,learning_rate,2.0000000000000002e-05,2.0000000000000002e-05,4,5,mcc,f1/recall/precision/balanced_accuracy,"[0.5695214286468868, 0.6829268292682927, 0.7368421052631579, 0.6363636363636364, 0.7982456140350878]"
codebert_balanced_ratio_preserved_noise_mcc_selected_true_pr_auc_v1,codebert_class_weight_balanced,codebert,75/25,3,heuristic_fp_20,learning_rate,2.0000000000000002e-05,2.0000000000000002e-05,3,5,mcc,f1/recall/precision/balanced_accuracy,"[0.6779870155235166, 0.7619047619047619, 0.8421052631578947, 0.6956521739130435, 0.8596491228070176]"
codebert_balanced_ratio_preserved_noise_mcc_selected_true_pr_auc_v1,codebert_class_weight_balanced,codebert,75/25,3,random_flip_10,learning_rate,2.0000000000000002e-05,2.0000000000000002e-05,2,5,mcc,f1/recall/precision/balanced_accuracy,"[0.5651329115440037, 0.6666666666666666, 0.631578947368421, 0.7058823529411765, 0.7719298245614035]"
codebert_balanced_ratio_preserved_noise_mcc_selected_true_pr_auc_v1,codebert_class_weight_balanced,codebert,75/25,3,random_flip_20,learning_rate,2.0000000000000002e-05,2.0000000000000002e-05,2,5,mcc,f1/recall/precision/balanced_accuracy,"[0.63377649087223, 0.72, 0.9473684210526315, 0.5806451612903226, 0.8596491228070176]"
codebert_balanced_ratio_preserved_noise_mcc_selected_true_pr_auc_v1,codebert_class_weight_balanced,codebert,75/25,3,random_fp_10,learning_rate,2.0000000000000002e-05,2.0000000000000002e-05,5,5,mcc,f1/recall/precision/balanced_accuracy,"[0.5535117231700726, 0.6470588235294118, 0.5789473684210527, 0.7333333333333333, 0.7543859649122807]"
codebert_balanced_ratio_preserved_noise_mcc_selected_true_pr_auc_v1,codebert_class_weight_balanced,codebert,75/25,3,random_fp_20,learning_rate,2.0000000000000002e-05,2.0000000000000002e-05,1,5,mcc,f1/recall/precision/balanced_accuracy,"[0.6248809410409238, 0.7037037037037037, 1.0, 0.5428571428571428, 0.8596491228070176]"
codebert_balanced_ratio_preserved_noise_mcc_selected_true_pr_auc_v1,codebert_class_weight_balanced,codebert,75/25,4,clean,learning_rate,2.0000000000000002e-05,2.0000000000000002e-05,5,5,mcc,f1/recall/precision/balanced_accuracy,"[0.521749194749951, 0.6285714285714286, 0.5789473684210527, 0.6875, 0.7456140350877193]"
codebert_balanced_ratio_preserved_noise_mcc_selected_true_pr_auc_v1,codebert_class_weight_balanced,codebert,75/25,4,heuristic_fp_10,learning_rate,2.0000000000000002e-05,2.0000000000000002e-05,4,5,mcc,f1/recall/precision/balanced_accuracy,"[0.5873015873015873, 0.6956521739130435, 0.8421052631578947, 0.5925925925925926, 0.8245614035087718]"
codebert_balanced_ratio_preserved_noise_mcc_selected_true_pr_auc_v1,codebert_class_weight_balanced,codebert,75/25,4,heuristic_fp_20,learning_rate,2.0000000000000002e-05,2.0000000000000002e-05,2,5,mcc,f1/recall/precision/balanced_accuracy,"[0.6118419408382955, 0.7142857142857143, 0.7894736842105263, 0.6521739130434783, 0.8245614035087719]"
codebert_balanced_ratio_preserved_noise_mcc_selected_true_pr_auc_v1,codebert_class_weight_balanced,codebert,75/25,4,random_flip_10,learning_rate,2.0000000000000002e-05,2.0000000000000002e-05,1,5,mcc,f1/recall/precision/balanced_accuracy,"[0.6075304364080837, 0.7027027027027027, 0.6842105263157895, 0.7222222222222222, 0.7982456140350878]"
codebert_balanced_ratio_preserved_noise_mcc_selected_true_pr_auc_v1,codebert_class_weight_balanced,codebert,75/25,4,random_flip_20,learning_rate,2.0000000000000002e-05,2.0000000000000002e-05,3,5,mcc,f1/recall/precision/balanced_accuracy,"[0.5669467095138409, 0.6808510638297872, 0.8421052631578947, 0.5714285714285714, 0.8157894736842105]"
codebert_balanced_ratio_preserved_noise_mcc_selected_true_pr_auc_v1,codebert_class_weight_balanced,codebert,75/25,4,random_fp_10,learning_rate,2.0000000000000002e-05,2.0000000000000002e-05,3,5,mcc,f1/recall/precision/balanced_accuracy,"[0.5945883900105632, 0.7, 0.7368421052631579, 0.6666666666666666, 0.8070175438596491]"
codebert_balanced_ratio_preserved_noise_mcc_selected_true_pr_auc_v1,codebert_class_weight_balanced,codebert,75/25,4,random_fp_20,learning_rate,2.0000000000000002e-05,2.0000000000000002e-05,3,5,mcc,f1/recall/precision/balanced_accuracy,"[0.5535117231700726, 0.6470588235294118, 0.5789473684210527, 0.7333333333333333, 0.7543859649122807]"
codebert_balanced_ratio_preserved_noise_mcc_selected_true_pr_auc_v1,codebert_class_weight_balanced,codebert,75/25,5,clean,learning_rate,2.0000000000000002e-05,2.0000000000000002e-05,4,5,mcc,f1/recall/precision/balanced_accuracy,"[0.5095101710852533, 0.6060606060606061, 0.5263157894736842, 0.7142857142857143, 0.7280701754385965]"
codebert_balanced_ratio_preserved_noise_mcc_selected_true_pr_auc_v1,codebert_class_weight_balanced,codebert,75/25,5,heuristic_fp_10,learning_rate,2.0000000000000002e-05,2.0000000000000002e-05,4,5,mcc,f1/recall/precision/balanced_accuracy,"[0.5873015873015873, 0.6956521739130435, 0.8421052631578947, 0.5925925925925926, 0.8245614035087718]"
codebert_balanced_ratio_preserved_noise_mcc_selected_true_pr_auc_v1,codebert_class_weight_balanced,codebert,75/25,5,heuristic_fp_20,learning_rate,2.0000000000000002e-05,2.0000000000000002e-05,3,5,mcc,f1/recall/precision/balanced_accuracy,"[0.5101127853361851, 0.64, 0.8421052631578947, 0.5161290322580645, 0.7894736842105263]"
codebert_balanced_ratio_preserved_noise_mcc_selected_true_pr_auc_v1,codebert_class_weight_balanced,codebert,75/25,5,random_flip_10,learning_rate,2.0000000000000002e-05,2.0000000000000002e-05,5,5,mcc,f1/recall/precision/balanced_accuracy,"[0.5651329115440037, 0.6666666666666666, 0.631578947368421, 0.7058823529411765, 0.7719298245614035]"
codebert_balanced_ratio_preserved_noise_mcc_selected_true_pr_auc_v1,codebert_class_weight_balanced,codebert,75/25,5,random_flip_20,learning_rate,2.0000000000000002e-05,2.0000000000000002e-05,1,5,mcc,f1/recall/precision/balanced_accuracy,"[0.49236596391733095, 0.6031746031746031, 1.0, 0.4318181818181818, 0.7807017543859649]"
codebert_balanced_ratio_preserved_noise_mcc_selected_true_pr_auc_v1,codebert_class_weight_balanced,codebert,75/25,5,random_fp_10,learning_rate,2.0000000000000002e-05,2.0000000000000002e-05,3,5,mcc,f1/recall/precision/balanced_accuracy,"[0.5039526306789697, 0.6382978723404256, 0.7894736842105263, 0.5357142857142857, 0.7807017543859649]"
codebert_balanced_ratio_preserved_noise_mcc_selected_true_pr_auc_v1,codebert_class_weight_balanced,codebert,75/25,5,random_fp_20,learning_rate,2.0000000000000002e-05,2.0000000000000002e-05,1,5,mcc,f1/recall/precision/balanced_accuracy,"[0.5360562674188973, 0.6486486486486487, 0.631578947368421, 0.6666666666666666, 0.763157894736842]"
codebert_balanced_ratio_preserved_noise_mcc_selected_true_pr_auc_v1,codebert_class_weight_balanced,codebert,80/20,1,clean,learning_rate,2.0000000000000002e-05,2.0000000000000002e-05,4,5,mcc,f1/recall/precision/balanced_accuracy,"[0.5144957554275265, 0.5517241379310345, 0.42105263157894735, 0.8, 0.6973684210526316]"
codebert_balanced_ratio_preserved_noise_mcc_selected_true_pr_auc_v1,codebert_class_weight_balanced,codebert,80/20,1,heuristic_fp_10,learning_rate,2.0000000000000002e-05,2.0000000000000002e-05,2,5,mcc,f1/recall/precision/balanced_accuracy,"[0.4675562562464481, 0.5666666666666667, 0.8947368421052632, 0.4146341463414634, 0.7894736842105263]"
codebert_balanced_ratio_preserved_noise_mcc_selected_true_pr_auc_v1,codebert_class_weight_balanced,codebert,80/20,1,heuristic_fp_20,learning_rate,2.0000000000000002e-05,2.0000000000000002e-05,2,5,mcc,f1/recall/precision/balanced_accuracy,"[0.4216370213557839, 0.5217391304347826, 0.9473684210526315, 0.36, 0.763157894736842]"
codebert_balanced_ratio_preserved_noise_mcc_selected_true_pr_auc_v1,codebert_class_weight_balanced,codebert,80/20,1,random_flip_10,learning_rate,2.0000000000000002e-05,2.0000000000000002e-05,2,5,mcc,f1/recall/precision/balanced_accuracy,"[0.5425645884340419, 0.6382978723404256, 0.7894736842105263, 0.5357142857142857, 0.8092105263157895]"
codebert_balanced_ratio_preserved_noise_mcc_selected_true_pr_auc_v1,codebert_class_weight_balanced,codebert,80/20,1,random_flip_20,learning_rate,2.0000000000000002e-05,2.0000000000000002e-05,2,5,mcc,f1/recall/precision/balanced_accuracy,"[0.57843540169611, 0.6666666666666666, 0.7894736842105263, 0.5769230769230769, 0.8223684210526316]"
codebert_balanced_ratio_preserved_noise_mcc_selected_true_pr_auc_v1,codebert_class_weight_balanced,codebert,80/20,1,random_fp_10,learning_rate,2.0000000000000002e-05,2.0000000000000002e-05,3,5,mcc,f1/recall/precision/balanced_accuracy,"[0.5571768205782356, 0.6511627906976745, 0.7368421052631579, 0.5833333333333334, 0.8026315789473684]"
codebert_balanced_ratio_preserved_noise_mcc_selected_true_pr_auc_v1,codebert_class_weight_balanced,codebert,80/20,1,random_fp_20,learning_rate,2.0000000000000002e-05,2.0000000000000002e-05,3,5,mcc,f1/recall/precision/balanced_accuracy,"[0.5809475019311124, 0.6666666666666666, 0.6842105263157895, 0.65, 0.7960526315789473]"
codebert_balanced_ratio_preserved_noise_mcc_selected_true_pr_auc_v1,codebert_class_weight_balanced,codebert,80/20,2,clean,learning_rate,2.0000000000000002e-05,2.0000000000000002e-05,5,5,mcc,f1/recall/precision/balanced_accuracy,"[0.6020380379982541, 0.6451612903225806, 0.5263157894736842, 0.8333333333333334, 0.75]"
codebert_balanced_ratio_preserved_noise_mcc_selected_true_pr_auc_v1,codebert_class_weight_balanced,codebert,80/20,2,heuristic_fp_10,learning_rate,2.0000000000000002e-05,2.0000000000000002e-05,3,5,mcc,f1/recall/precision/balanced_accuracy,"[0.5345224838248488, 0.6274509803921569, 0.8421052631578947, 0.5, 0.8157894736842105]"
codebert_balanced_ratio_preserved_noise_mcc_selected_true_pr_auc_v1,codebert_class_weight_balanced,codebert,80/20,2,heuristic_fp_20,learning_rate,2.0000000000000002e-05,2.0000000000000002e-05,2,5,mcc,f1/recall/precision/balanced_accuracy,"[0.5017670301100369, 0.6086956521739131, 0.7368421052631579, 0.5185185185185185, 0.7828947368421053]"
codebert_balanced_ratio_preserved_noise_mcc_selected_true_pr_auc_v1,codebert_class_weight_balanced,codebert,80/20,2,random_flip_10,learning_rate,2.0000000000000002e-05,2.0000000000000002e-05,1,5,mcc,f1/recall/precision/balanced_accuracy,"[0.5720460816036579, 0.6428571428571429, 0.9473684210526315, 0.4864864864864865, 0.8486842105263157]"
codebert_balanced_ratio_preserved_noise_mcc_selected_true_pr_auc_v1,codebert_class_weight_balanced,codebert,80/20,2,random_flip_20,learning_rate,2.0000000000000002e-05,2.0000000000000002e-05,3,5,mcc,f1/recall/precision/balanced_accuracy,"[0.5500412374569982, 0.64, 0.8421052631578947, 0.5161290322580645, 0.8223684210526316]"
codebert_balanced_ratio_preserved_noise_mcc_selected_true_pr_auc_v1,codebert_class_weight_balanced,codebert,80/20,2,random_fp_10,learning_rate,2.0000000000000002e-05,2.0000000000000002e-05,2,5,mcc,f1/recall/precision/balanced_accuracy,"[0.5163977794943222, 0.6153846153846154, 0.631578947368421, 0.6, 0.763157894736842]"
codebert_balanced_ratio_preserved_noise_mcc_selected_true_pr_auc_v1,codebert_class_weight_balanced,codebert,80/20,2,random_fp_20,learning_rate,2.0000000000000002e-05,2.0000000000000002e-05,2,5,mcc,f1/recall/precision/balanced_accuracy,"[0.47809144373375745, 0.5909090909090909, 0.6842105263157895, 0.52, 0.763157894736842]"
codebert_balanced_ratio_preserved_noise_mcc_selected_true_pr_auc_v1,codebert_class_weight_balanced,codebert,80/20,3,clean,learning_rate,2.0000000000000002e-05,2.0000000000000002e-05,2,5,mcc,f1/recall/precision/balanced_accuracy,"[0.6495190528383289, 0.7058823529411765, 0.631578947368421, 0.8, 0.7960526315789473]"
codebert_balanced_ratio_preserved_noise_mcc_selected_true_pr_auc_v1,codebert_class_weight_balanced,codebert,80/20,3,heuristic_fp_10,learning_rate,2.0000000000000002e-05,2.0000000000000002e-05,1,5,mcc,f1/recall/precision/balanced_accuracy,"[0.4900511134653511, 0.5625, 0.47368421052631576, 0.6923076923076923, 0.7105263157894737]"
codebert_balanced_ratio_preserved_noise_mcc_selected_true_pr_auc_v1,codebert_class_weight_balanced,codebert,80/20,3,heuristic_fp_20,learning_rate,2.0000000000000002e-05,2.0000000000000002e-05,2,5,mcc,f1/recall/precision/balanced_accuracy,"[0.46426557269965096, 0.5769230769230769, 0.7894736842105263, 0.45454545454545453, 0.7763157894736843]"
codebert_balanced_ratio_preserved_noise_mcc_selected_true_pr_auc_v1,codebert_class_weight_balanced,codebert,80/20,3,random_flip_10,learning_rate,2.0000000000000002e-05,2.0000000000000002e-05,4,5,mcc,f1/recall/precision/balanced_accuracy,"[0.7216878364870322, 0.7647058823529411, 0.6842105263157895, 0.8666666666666667, 0.8289473684210527]"
codebert_balanced_ratio_preserved_noise_mcc_selected_true_pr_auc_v1,codebert_class_weight_balanced,codebert,80/20,3,random_flip_20,learning_rate,2.0000000000000002e-05,2.0000000000000002e-05,3,5,mcc,f1/recall/precision/balanced_accuracy,"[0.4743416490252569, 0.5507246376811594, 1.0, 0.38, 0.7960526315789473]"
codebert_balanced_ratio_preserved_noise_mcc_selected_true_pr_auc_v1,codebert_class_weight_balanced,codebert,80/20,3,random_fp_10,learning_rate,2.0000000000000002e-05,2.0000000000000002e-05,2,5,mcc,f1/recall/precision/balanced_accuracy,"[0.5976143046671968, 0.6818181818181818, 0.7894736842105263, 0.6, 0.8289473684210527]"
codebert_balanced_ratio_preserved_noise_mcc_selected_true_pr_auc_v1,codebert_class_weight_balanced,codebert,80/20,3,random_fp_20,learning_rate,2.0000000000000002e-05,2.0000000000000002e-05,4,5,mcc,f1/recall/precision/balanced_accuracy,"[0.6312279884865479, 0.7027027027027027, 0.6842105263157895, 0.7222222222222222, 0.8092105263157895]"
codebert_balanced_ratio_preserved_noise_mcc_selected_true_pr_auc_v1,codebert_class_weight_balanced,codebert,80/20,4,clean,learning_rate,2.0000000000000002e-05,2.0000000000000002e-05,2,5,mcc,f1/recall/precision/balanced_accuracy,"[0.6177395184671742, 0.6976744186046512, 0.7894736842105263, 0.625, 0.8355263157894737]"
codebert_balanced_ratio_preserved_noise_mcc_selected_true_pr_auc_v1,codebert_class_weight_balanced,codebert,80/20,4,heuristic_fp_10,learning_rate,2.0000000000000002e-05,2.0000000000000002e-05,4,5,mcc,f1/recall/precision/balanced_accuracy,"[0.3493455899541647, 0.4878048780487805, 0.5263157894736842, 0.45454545454545453, 0.6842105263157894]"
codebert_balanced_ratio_preserved_noise_mcc_selected_true_pr_auc_v1,codebert_class_weight_balanced,codebert,80/20,4,heuristic_fp_20,learning_rate,2.0000000000000002e-05,2.0000000000000002e-05,1,5,mcc,f1/recall/precision/balanced_accuracy,"[0.4364357804719847, 0.5555555555555556, 0.7894736842105263, 0.42857142857142855, 0.763157894736842]"
codebert_balanced_ratio_preserved_noise_mcc_selected_true_pr_auc_v1,codebert_class_weight_balanced,codebert,80/20,4,random_flip_10,learning_rate,2.0000000000000002e-05,2.0000000000000002e-05,2,5,mcc,f1/recall/precision/balanced_accuracy,"[0.4743416490252569, 0.5507246376811594, 1.0, 0.38, 0.7960526315789473]"
codebert_balanced_ratio_preserved_noise_mcc_selected_true_pr_auc_v1,codebert_class_weight_balanced,codebert,80/20,4,random_flip_20,learning_rate,2.0000000000000002e-05,2.0000000000000002e-05,1,5,mcc,f1/recall/precision/balanced_accuracy,"[0.5257228690148686, 0.625, 0.7894736842105263, 0.5172413793103449, 0.8026315789473684]"
codebert_balanced_ratio_preserved_noise_mcc_selected_true_pr_auc_v1,codebert_class_weight_balanced,codebert,80/20,4,random_fp_10,learning_rate,2.0000000000000002e-05,2.0000000000000002e-05,3,5,mcc,f1/recall/precision/balanced_accuracy,"[0.451221794723217, 0.5614035087719298, 0.8421052631578947, 0.42105263157894735, 0.7763157894736842]"
codebert_balanced_ratio_preserved_noise_mcc_selected_true_pr_auc_v1,codebert_class_weight_balanced,codebert,80/20,4,random_fp_20,learning_rate,2.0000000000000002e-05,2.0000000000000002e-05,5,5,mcc,f1/recall/precision/balanced_accuracy,"[0.5484803517014367, 0.6285714285714286, 0.5789473684210527, 0.6875, 0.756578947368421]"
codebert_balanced_ratio_preserved_noise_mcc_selected_true_pr_auc_v1,codebert_class_weight_balanced,codebert,80/20,5,clean,learning_rate,2.0000000000000002e-05,2.0000000000000002e-05,1,5,mcc,f1/recall/precision/balanced_accuracy,"[0.538305421923955, 0.6031746031746031, 1.0, 0.4318181818181818, 0.8355263157894737]"
codebert_balanced_ratio_preserved_noise_mcc_selected_true_pr_auc_v1,codebert_class_weight_balanced,codebert,80/20,5,heuristic_fp_10,learning_rate,2.0000000000000002e-05,2.0000000000000002e-05,3,5,mcc,f1/recall/precision/balanced_accuracy,"[0.5194113811148742, 0.6222222222222222, 0.7368421052631579, 0.5384615384615384, 0.7894736842105263]"
codebert_balanced_ratio_preserved_noise_mcc_selected_true_pr_auc_v1,codebert_class_weight_balanced,codebert,80/20,5,heuristic_fp_20,learning_rate,2.0000000000000002e-05,2.0000000000000002e-05,2,5,mcc,f1/recall/precision/balanced_accuracy,"[0.5017670301100369, 0.6086956521739131, 0.7368421052631579, 0.5185185185185185, 0.7828947368421053]"
codebert_balanced_ratio_preserved_noise_mcc_selected_true_pr_auc_v1,codebert_class_weight_balanced,codebert,80/20,5,random_flip_10,learning_rate,2.0000000000000002e-05,2.0000000000000002e-05,2,5,mcc,f1/recall/precision/balanced_accuracy,"[0.5195352837353236, 0.6153846153846154, 0.8421052631578947, 0.48484848484848486, 0.8092105263157894]"
codebert_balanced_ratio_preserved_noise_mcc_selected_true_pr_auc_v1,codebert_class_weight_balanced,codebert,80/20,5,random_flip_20,learning_rate,2.0000000000000002e-05,2.0000000000000002e-05,1,5,mcc,f1/recall/precision/balanced_accuracy,"[0.05157106231293967, 0.336283185840708, 1.0, 0.20212765957446807, 0.506578947368421]"
codebert_balanced_ratio_preserved_noise_mcc_selected_true_pr_auc_v1,codebert_class_weight_balanced,codebert,80/20,5,random_fp_10,learning_rate,2.0000000000000002e-05,2.0000000000000002e-05,3,5,mcc,f1/recall/precision/balanced_accuracy,"[0.5571768205782356, 0.6511627906976745, 0.7368421052631579, 0.5833333333333334, 0.8026315789473684]"
codebert_balanced_ratio_preserved_noise_mcc_selected_true_pr_auc_v1,codebert_class_weight_balanced,codebert,80/20,5,random_fp_20,learning_rate,2.0000000000000002e-05,2.0000000000000002e-05,1,5,mcc,f1/recall/precision/balanced_accuracy,"[0.6061678943403653, 0.68, 0.8947368421052632, 0.5483870967741935, 0.8552631578947368]"
codebert_balanced_ratio_preserved_noise_mcc_selected_true_pr_auc_v1,codebert_class_weight_balanced,codebert,90/10,1,clean,learning_rate,2.0000000000000002e-05,2.0000000000000002e-05,4,5,mcc,f1/recall/precision/balanced_accuracy,"[0.46558098913467627, 0.5, 0.42105263157894735, 0.6153846153846154, 0.695906432748538]"
codebert_balanced_ratio_preserved_noise_mcc_selected_true_pr_auc_v1,codebert_class_weight_balanced,codebert,90/10,1,heuristic_fp_10,learning_rate,2.0000000000000002e-05,2.0000000000000002e-05,2,5,mcc,f1/recall/precision/balanced_accuracy,"[0.37774773329620814, 0.4444444444444444, 0.5263157894736842, 0.38461538461538464, 0.7163742690058479]"
codebert_balanced_ratio_preserved_noise_mcc_selected_true_pr_auc_v1,codebert_class_weight_balanced,codebert,90/10,1,heuristic_fp_20,learning_rate,2.0000000000000002e-05,2.0000000000000002e-05,1,5,mcc,f1/recall/precision/balanced_accuracy,"[0.4212000162067276, 0.42857142857142855, 0.3157894736842105, 0.6666666666666666, 0.6491228070175439]"
codebert_balanced_ratio_preserved_noise_mcc_selected_true_pr_auc_v1,codebert_class_weight_balanced,codebert,90/10,1,random_flip_10,learning_rate,2.0000000000000002e-05,2.0000000000000002e-05,1,5,mcc,f1/recall/precision/balanced_accuracy,"[0.0, 0.0, 0.0, 0.0, 0.5]"
codebert_balanced_ratio_preserved_noise_mcc_selected_true_pr_auc_v1,codebert_class_weight_balanced,codebert,90/10,1,random_flip_20,learning_rate,2.0000000000000002e-05,2.0000000000000002e-05,1,5,mcc,f1/recall/precision/balanced_accuracy,"[0.0, 0.0, 0.0, 0.0, 0.5]"
codebert_balanced_ratio_preserved_noise_mcc_selected_true_pr_auc_v1,codebert_class_weight_balanced,codebert,90/10,1,random_fp_10,learning_rate,2.0000000000000002e-05,2.0000000000000002e-05,4,5,mcc,f1/recall/precision/balanced_accuracy,"[0.4674937935403238, 0.5142857142857142, 0.47368421052631576, 0.5625, 0.7163742690058479]"
codebert_balanced_ratio_preserved_noise_mcc_selected_true_pr_auc_v1,codebert_class_weight_balanced,codebert,90/10,1,random_fp_20,learning_rate,2.0000000000000002e-05,2.0000000000000002e-05,1,5,mcc,f1/recall/precision/balanced_accuracy,"[0.0, 0.0, 0.0, 0.0, 0.5]"
codebert_balanced_ratio_preserved_noise_mcc_selected_true_pr_auc_v1,codebert_class_weight_balanced,codebert,90/10,2,clean,learning_rate,2.0000000000000002e-05,2.0000000000000002e-05,5,5,mcc,f1/recall/precision/balanced_accuracy,"[0.46558098913467627, 0.5, 0.42105263157894735, 0.6153846153846154, 0.695906432748538]"
codebert_balanced_ratio_preserved_noise_mcc_selected_true_pr_auc_v1,codebert_class_weight_balanced,codebert,90/10,2,heuristic_fp_10,learning_rate,2.0000000000000002e-05,2.0000000000000002e-05,3,5,mcc,f1/recall/precision/balanced_accuracy,"[0.49270637563832587, 0.5416666666666666, 0.6842105263157895, 0.4482758620689655, 0.7953216374269005]"
codebert_balanced_ratio_preserved_noise_mcc_selected_true_pr_auc_v1,codebert_class_weight_balanced,codebert,90/10,2,heuristic_fp_20,learning_rate,2.0000000000000002e-05,2.0000000000000002e-05,3,5,mcc,f1/recall/precision/balanced_accuracy,"[0.5062895554167107, 0.5490196078431373, 0.7368421052631579, 0.4375, 0.8157894736842105]"
codebert_balanced_ratio_preserved_noise_mcc_selected_true_pr_auc_v1,codebert_class_weight_balanced,codebert,90/10,2,random_flip_10,learning_rate,2.0000000000000002e-05,2.0000000000000002e-05,1,5,mcc,f1/recall/precision/balanced_accuracy,"[0.5321637426900585, 0.5789473684210527, 0.5789473684210527, 0.5789473684210527, 0.7660818713450293]"
codebert_balanced_ratio_preserved_noise_mcc_selected_true_pr_auc_v1,codebert_class_weight_balanced,codebert,90/10,2,random_flip_20,learning_rate,2.0000000000000002e-05,2.0000000000000002e-05,1,5,mcc,f1/recall/precision/balanced_accuracy,"[0.0, 0.0, 0.0, 0.0, 0.5]"
codebert_balanced_ratio_preserved_noise_mcc_selected_true_pr_auc_v1,codebert_class_weight_balanced,codebert,90/10,2,random_fp_10,learning_rate,2.0000000000000002e-05,2.0000000000000002e-05,5,5,mcc,f1/recall/precision/balanced_accuracy,"[0.4212000162067276, 0.42857142857142855, 0.3157894736842105, 0.6666666666666666, 0.6491228070175439]"
codebert_balanced_ratio_preserved_noise_mcc_selected_true_pr_auc_v1,codebert_class_weight_balanced,codebert,90/10,2,random_fp_20,learning_rate,2.0000000000000002e-05,2.0000000000000002e-05,1,5,mcc,f1/recall/precision/balanced_accuracy,"[0.0, 0.0, 0.0, 0.0, 0.5]"
codebert_balanced_ratio_preserved_noise_mcc_selected_true_pr_auc_v1,codebert_class_weight_balanced,codebert,90/10,3,clean,learning_rate,2.0000000000000002e-05,2.0000000000000002e-05,4,5,mcc,f1/recall/precision/balanced_accuracy,"[0.503788254678635, 0.5, 0.3684210526315789, 0.7777777777777778, 0.6783625730994152]"
codebert_balanced_ratio_preserved_noise_mcc_selected_true_pr_auc_v1,codebert_class_weight_balanced,codebert,90/10,3,heuristic_fp_10,learning_rate,2.0000000000000002e-05,2.0000000000000002e-05,4,5,mcc,f1/recall/precision/balanced_accuracy,"[0.4141401313167248, 0.47619047619047616, 0.5263157894736842, 0.43478260869565216, 0.7251461988304093]"
codebert_balanced_ratio_preserved_noise_mcc_selected_true_pr_auc_v1,codebert_class_weight_balanced,codebert,90/10,3,heuristic_fp_20,learning_rate,2.0000000000000002e-05,2.0000000000000002e-05,3,5,mcc,f1/recall/precision/balanced_accuracy,"[0.48249790963716394, 0.5365853658536586, 0.5789473684210527, 0.5, 0.7573099415204678]"
codebert_balanced_ratio_preserved_noise_mcc_selected_true_pr_auc_v1,codebert_class_weight_balanced,codebert,90/10,3,random_flip_10,learning_rate,2.0000000000000002e-05,2.0000000000000002e-05,5,5,mcc,f1/recall/precision/balanced_accuracy,"[0.4432083142738085, 0.4666666666666667, 0.3684210526315789, 0.6363636363636364, 0.672514619883041]"
codebert_balanced_ratio_preserved_noise_mcc_selected_true_pr_auc_v1,codebert_class_weight_balanced,codebert,90/10,3,random_flip_20,learning_rate,2.0000000000000002e-05,2.0000000000000002e-05,1,5,mcc,f1/recall/precision/balanced_accuracy,"[0.0, 0.0, 0.0, 0.0, 0.5]"
codebert_balanced_ratio_preserved_noise_mcc_selected_true_pr_auc_v1,codebert_class_weight_balanced,codebert,90/10,3,random_fp_10,learning_rate,2.0000000000000002e-05,2.0000000000000002e-05,2,5,mcc,f1/recall/precision/balanced_accuracy,"[0.4001633653325206, 0.46153846153846156, 0.47368421052631576, 0.45, 0.7046783625730993]"
codebert_balanced_ratio_preserved_noise_mcc_selected_true_pr_auc_v1,codebert_class_weight_balanced,codebert,90/10,3,random_fp_20,learning_rate,2.0000000000000002e-05,2.0000000000000002e-05,5,5,mcc,f1/recall/precision/balanced_accuracy,"[0.2795426231258449, 0.2962962962962963, 0.21052631578947367, 0.5, 0.5935672514619883]"
codebert_balanced_ratio_preserved_noise_mcc_selected_true_pr_auc_v1,codebert_class_weight_balanced,codebert,90/10,4,clean,learning_rate,2.0000000000000002e-05,2.0000000000000002e-05,5,5,mcc,f1/recall/precision/balanced_accuracy,"[0.35783002674779546, 0.4117647058823529, 0.3684210526315789, 0.4666666666666667, 0.6608187134502924]"
codebert_balanced_ratio_preserved_noise_mcc_selected_true_pr_auc_v1,codebert_class_weight_balanced,codebert,90/10,4,heuristic_fp_10,learning_rate,2.0000000000000002e-05,2.0000000000000002e-05,2,5,mcc,f1/recall/precision/balanced_accuracy,"[0.30840138292849417, 0.3793103448275862, 0.5789473684210527, 0.28205128205128205, 0.7076023391812866]"
codebert_balanced_ratio_preserved_noise_mcc_selected_true_pr_auc_v1,codebert_class_weight_balanced,codebert,90/10,4,heuristic_fp_20,learning_rate,2.0000000000000002e-05,2.0000000000000002e-05,4,5,mcc,f1/recall/precision/balanced_accuracy,"[0.36035569867818906, 0.42857142857142855, 0.47368421052631576, 0.391304347826087, 0.695906432748538]"
codebert_balanced_ratio_preserved_noise_mcc_selected_true_pr_auc_v1,codebert_class_weight_balanced,codebert,90/10,4,random_flip_10,learning_rate,2.0000000000000002e-05,2.0000000000000002e-05,1,5,mcc,f1/recall/precision/balanced_accuracy,"[0.0, 0.0, 0.0, 0.0, 0.5]"
codebert_balanced_ratio_preserved_noise_mcc_selected_true_pr_auc_v1,codebert_class_weight_balanced,codebert,90/10,4,random_flip_20,learning_rate,2.0000000000000002e-05,2.0000000000000002e-05,1,5,mcc,f1/recall/precision/balanced_accuracy,"[0.0, 0.0, 0.0, 0.0, 0.5]"
codebert_balanced_ratio_preserved_noise_mcc_selected_true_pr_auc_v1,codebert_class_weight_balanced,codebert,90/10,4,random_fp_10,learning_rate,2.0000000000000002e-05,2.0000000000000002e-05,1,5,mcc,f1/recall/precision/balanced_accuracy,"[0.0, 0.0, 0.0, 0.0, 0.5]"
codebert_balanced_ratio_preserved_noise_mcc_selected_true_pr_auc_v1,codebert_class_weight_balanced,codebert,90/10,4,random_fp_20,learning_rate,2.0000000000000002e-05,2.0000000000000002e-05,1,5,mcc,f1/recall/precision/balanced_accuracy,"[0.0, 0.0, 0.0, 0.0, 0.5]"
codebert_balanced_ratio_preserved_noise_mcc_selected_true_pr_auc_v1,codebert_class_weight_balanced,codebert,90/10,5,clean,learning_rate,2.0000000000000002e-05,2.0000000000000002e-05,5,5,mcc,f1/recall/precision/balanced_accuracy,"[0.34114411961050656, 0.4, 0.3684210526315789, 0.4375, 0.6578947368421052]"
codebert_balanced_ratio_preserved_noise_mcc_selected_true_pr_auc_v1,codebert_class_weight_balanced,codebert,90/10,5,heuristic_fp_10,learning_rate,2.0000000000000002e-05,2.0000000000000002e-05,3,5,mcc,f1/recall/precision/balanced_accuracy,"[0.4313310928137537, 0.4864864864864865, 0.47368421052631576, 0.5, 0.7105263157894737]"
codebert_balanced_ratio_preserved_noise_mcc_selected_true_pr_auc_v1,codebert_class_weight_balanced,codebert,90/10,5,heuristic_fp_20,learning_rate,2.0000000000000002e-05,2.0000000000000002e-05,1,5,mcc,f1/recall/precision/balanced_accuracy,"[0.41433280303600356, 0.45901639344262296, 0.7368421052631579, 0.3333333333333333, 0.7865497076023391]"
codebert_balanced_ratio_preserved_noise_mcc_selected_true_pr_auc_v1,codebert_class_weight_balanced,codebert,90/10,5,random_flip_10,learning_rate,2.0000000000000002e-05,2.0000000000000002e-05,3,5,mcc,f1/recall/precision/balanced_accuracy,"[0.2182178902359924, 0.1, 0.05263157894736842, 1.0, 0.5263157894736842]"
codebert_balanced_ratio_preserved_noise_mcc_selected_true_pr_auc_v1,codebert_class_weight_balanced,codebert,90/10,5,random_flip_20,learning_rate,2.0000000000000002e-05,2.0000000000000002e-05,1,5,mcc,f1/recall/precision/balanced_accuracy,"[0.0, 0.18181818181818182, 1.0, 0.1, 0.5]"
codebert_balanced_ratio_preserved_noise_mcc_selected_true_pr_auc_v1,codebert_class_weight_balanced,codebert,90/10,5,random_fp_10,learning_rate,2.0000000000000002e-05,2.0000000000000002e-05,1,5,mcc,f1/recall/precision/balanced_accuracy,"[0.0, 0.0, 0.0, 0.0, 0.5]"
codebert_balanced_ratio_preserved_noise_mcc_selected_true_pr_auc_v1,codebert_class_weight_balanced,codebert,90/10,5,random_fp_20,learning_rate,2.0000000000000002e-05,2.0000000000000002e-05,1,5,mcc,f1/recall/precision/balanced_accuracy,"[0.0, 0.0, 0.0, 0.0, 0.5]"
